model_id_1,model_id_2,queries,official_internal_bv,candidate_internal_bv,official_root_bv,candidate_primitive_root_bv,official_total_rss,candidate_total_rss,official_triangles,candidate_triangles,distance_filter_skips,containment_filter_checks,containment_filter_skips,axis_filter_checks,axis_filter_skips,official_fp,official_fn,candidate_fp,candidate_fn
1,2,4640,0,0,4640,4640,4640,4640,0,0,32480,0,0,32480,32480,0,0,0,0
1,3,4640,0,0,4640,4640,4640,4640,0,0,32480,0,0,32480,32480,0,0,0,0
1,4,4640,0,0,4640,4657,4640,4657,0,0,32463,0,0,32480,32463,0,0,0,0
1,5,4640,0,0,4640,4640,4640,4640,0,0,32480,0,0,32480,32480,0,0,0,0
1,14,4206,0,0,4206,4206,4206,4206,0,0,29442,0,0,29442,29442,0,0,0,0
1,15,4206,0,0,4206,4206,4206,4206,0,0,29442,0,0,29442,29442,0,0,0,0
1,16,4206,0,0,4206,4206,4206,4206,0,0,29442,0,0,29442,29442,0,0,0,0
1,17,4640,0,0,4640,4640,4640,4640,0,0,32480,0,0,32480,32480,0,0,0,0
1,18,4640,0,104,4640,4962,4640,5066,0,13,32167,0,0,33417,32167,0,0,1,0
1,19,28517,102752,65825,28517,48027,131269,113852,3496,5661,175193,0,0,420177,175193,46,0,460,0
1,20,4206,0,0,4206,4206,4206,4206,0,0,29442,0,0,29442,29442,0,0,0,0
3,17,4206,0,0,4206,4206,4206,4206,0,0,264978,0,0,264978,264978,0,0,0,0
4,17,4206,0,0,4206,4206,4206,4206,0,0,264978,0,0,264978,264978,0,0,0,0
5,17,4206,0,0,4206,4206,4206,4206,0,0,264978,0,0,264978,264978,0,0,0,0
6,2,4640,0,0,4640,4640,4640,4640,0,0,32480,0,0,32480,32480,0,0,0,0
6,3,4640,0,0,4640,4640,4640,4640,0,0,32480,0,0,32480,32480,0,0,0,0
6,4,4640,0,0,4640,4661,4640,4661,0,0,32459,0,0,32480,32459,0,0,0,0
6,5,4640,0,0,4640,4640,4640,4640,0,0,32480,0,0,32480,32480,0,0,0,0
6,13,4206,18108,15517,4206,13375,22314,28892,0,4349,23445,0,0,93374,23445,0,0,21,0
6,14,4206,0,0,4206,4206,4206,4206,0,0,29442,0,0,29442,29442,0,0,0,0
6,15,4206,0,0,4206,4206,4206,4206,0,0,29442,0,0,29442,29442,0,0,0,0
6,16,4206,0,0,4206,4206,4206,4206,0,0,29442,0,0,29442,29442,0,0,0,0
6,17,4633,0,0,4633,4633,4633,4633,0,0,32431,0,0,32431,32431,0,0,0,0
6,18,4633,624,177229,4633,6968,5257,184197,0,72898,36067,0,0,455131,36067,0,0,636,0
6,19,13038,1138,5609,13038,25969,14176,31578,46,1979,78401,0,0,140979,78401,0,0,1,0
6,20,4206,0,0,4206,4206,4206,4206,0,0,29442,0,0,29442,29442,0,0,0,0
7,2,4169,0,0,4169,4169,4169,4169,0,0,29183,0,0,29183,29183,0,0,0,0
7,3,4169,0,0,4169,4169,4169,4169,0,0,29183,0,0,29183,29183,0,0,0,0
7,4,4169,0,0,4169,4172,4169,4172,0,0,29180,0,0,29183,29180,0,0,0,0
7,5,4169,0,0,4169,4169,4169,4169,0,0,29183,0,0,29183,29183,0,0,0,0
7,13,3759,0,0,3759,3759,3759,3759,0,0,26313,0,0,26313,26313,0,0,0,0
7,14,3759,0,0,3759,3759,3759,3759,0,0,26313,0,0,26313,26313,0,0,0,0
7,15,3759,0,0,3759,3759,3759,3759,0,0,26313,0,0,26313,26313,0,0,0,0
7,16,3759,0,0,3759,3759,3759,3759,0,0,26313,0,0,26313,26313,0,0,0,0
7,17,4159,0,0,4159,4159,4159,4159,0,0,29113,0,0,29113,29113,0,0,0,0
7,18,4159,8,14281,4159,6223,4167,20504,0,386,27894,0,0,72634,27894,0,0,366,0
7,19,4760,0,0,4760,9607,4760,9607,0,0,28473,0,0,41568,28473,0,0,0,0
7,20,3759,0,0,3759,3759,3759,3759,0,0,26313,0,0,26313,26313,0,0,0,0
8,2,4640,0,0,4640,4640,4640,4640,0,0,32480,0,0,32480,32480,0,0,0,0
8,3,4640,0,0,4640,4640,4640,4640,0,0,32480,0,0,32480,32480,0,0,0,0
8,4,4640,0,0,4640,4643,4640,4643,0,0,32477,0,0,32480,32477,0,0,0,0
8,5,4640,0,0,4640,4640,4640,4640,0,0,32480,0,0,32480,32480,0,0,0,0
8,13,4206,0,0,4206,8205,4206,8205,0,0,25443,0,0,35263,25443,0,0,0,0
8,14,4206,0,0,4206,4206,4206,4206,0,0,29442,0,0,29442,29442,0,0,0,0
8,15,4206,0,0,4206,4206,4206,4206,0,0,29442,0,0,29442,29442,0,0,0,0
8,16,4206,0,0,4206,4206,4206,4206,0,0,29442,0,0,29442,29442,0,0,0,0
8,17,4630,0,0,4630,4630,4630,4630,0,0,32410,0,0,32410,32410,0,0,0,0
8,18,4630,8,3749,4630,5178,4638,8927,0,485,32834,0,0,48632,32834,0,0,5,0
8,19,12516,932,388,12516,22129,13448,22517,15,14,78068,0,0,101255,78068,2,0,1,0
8,20,4206,0,0,4206,4206,4206,4206,0,0,29442,0,0,29442,29442,0,0,0,0
9,2,4640,0,0,4640,4640,4640,4640,0,0,32480,0,0,32480,32480,0,0,0,0
9,3,4640,0,0,4640,4640,4640,4640,0,0,32480,0,0,32480,32480,0,0,0,0
9,4,4640,0,0,4640,4640,4640,4640,0,0,32480,0,0,32480,32480,0,0,0,0
9,5,4640,0,0,4640,4640,4640,4640,0,0,32480,0,0,32480,32480,0,0,0,0
9,13,4206,0,0,4206,5251,4206,5251,0,0,28397,0,0,30225,28397,0,0,0,0
9,14,4206,0,0,4206,4206,4206,4206,0,0,29442,0,0,29442,29442,0,0,0,0
9,15,4206,0,0,4206,4206,4206,4206,0,0,29442,0,0,29442,29442,0,0,0,0
9,16,4206,0,0,4206,4206,4206,4206,0,0,29442,0,0,29442,29442,0,0,0,0
9,17,4625,0,0,4625,4625,4625,4625,0,0,32375,0,0,32375,32375,0,0,0,0
9,18,4625,0,557,4625,5137,4625,5694,0,1,32085,0,0,36365,32085,0,0,1,0
9,19,12497,0,0,12497,22745,12497,22745,0,0,77231,0,0,99142,77231,0,0,0,0
9,20,4206,0,0,4206,4206,4206,4206,0,0,29442,0,0,29442,29442,0,0,0,0
10,2,4640,0,0,4640,4640,4640,4640,0,0,32480,0,0,32480,32480,0,0,0,0
10,3,4640,0,0,4640,4640,4640,4640,0,0,32480,0,0,32480,32480,0,0,0,0
10,4,4640,0,0,4640,4643,4640,4643,0,0,32477,0,0,32480,32477,0,0,0,0
10,5,4640,0,0,4640,4640,4640,4640,0,0,32480,0,0,32480,32480,0,0,0,0
10,13,4206,0,29,4206,8339,4206,8368,0,0,25338,0,0,35855,25338,0,0,0,0
10,14,4206,0,0,4206,4206,4206,4206,0,0,29442,0,0,29442,29442,0,0,0,0
10,15,4206,0,0,4206,4206,4206,4206,0,0,29442,0,0,29442,29442,0,0,0,0
10,16,4206,0,0,4206,4206,4206,4206,0,0,29442,0,0,29442,29442,0,0,0,0
10,17,4625,0,0,4625,4625,4625,4625,0,0,32375,0,0,32375,32375,0,0,0,0
10,18,4625,0,718,4625,5092,4625,5810,0,231,31949,0,0,35330,31949,0,0,3,0
10,19,12497,24,78,12497,20930,12521,21008,0,28,79046,0,0,94928,79046,0,0,1,0
10,20,4206,0,0,4206,4206,4206,4206,0,0,29442,0,0,29442,29442,0,0,0,0
11,2,4640,0,0,4640,4640,4640,4640,0,0,32480,0,0,32480,32480,0,0,0,0
11,3,4640,0,0,4640,4640,4640,4640,0,0,32480,0,0,32480,32480,0,0,0,0
11,4,4640,0,0,4640,4655,4640,4655,0,0,32465,0,0,32480,32465,0,0,0,0
11,5,4640,0,0,4640,4640,4640,4640,0,0,32480,0,0,32480,32480,0,0,0,0
11,17,4625,0,0,4625,4625,4625,4625,0,0,32375,0,0,32375,32375,0,0,0,0
11,18,4625,0,0,4625,4688,4625,4688,0,0,32312,0,0,32414,32312,0,0,0,0
11,19,4625,252,298,4625,5774,4877,6072,14,72,31248,0,0,34120,31248,0,0,0,0
12,2,4640,0,0,4640,4773,4640,4773,0,0,292187,0,0,292628,292187,0,0,0,0
12,3,4640,0,0,4640,4640,4640,4640,0,0,292320,0,0,292320,292320,0,0,0,0
12,4,4640,0,0,4640,4747,4640,4747,0,0,292213,0,0,292568,292213,0,0,0,0
12,5,4640,0,0,4640,4640,4640,4640,0,0,292320,0,0,292320,292320,0,0,0,0
12,14,4206,0,0,4206,4206,4206,4206,0,0,264978,0,0,264978,264978,0,0,0,0
12,15,4206,0,0,4206,4206,4206,4206,0,0,264978,0,0,264978,264978,0,0,0,0
12,16,4206,0,0,4206,4206,4206,4206,0,0,264978,0,0,264978,264978,0,0,0,0
12,17,4625,0,0,4625,4625,4625,4625,0,0,291375,0,0,291375,291375,0,0,0,0
12,18,4625,0,49,4625,4876,4625,4925,0,0,291169,0,0,294169,291169,0,0,0,0
12,19,4625,392,851,4625,5859,5017,6710,4,84,290364,0,0,304641,290364,0,0,0,0
12,20,4206,0,0,4206,4206,4206,4206,0,0,264978,0,0,264978,264978,0,0,0,0
12,21,4206,0,0,4206,4206,4206,4206,0,0,29442,0,0,29442,29442,0,0,0,0
12,26,1317,0,0,1317,1317,1317,1317,0,0,9219,0,0,9219,9219,0,0,0,0
12,37,2889,0,0,2889,2889,2889,2889,0,0,20223,0,0,20223,20223,0,0,0,0
13,2,4640,0,0,4640,4783,4640,4783,0,0,292177,0,0,292386,292177,0,0,0,0
13,3,4640,0,0,4640,4640,4640,4640,0,0,292320,0,0,292320,292320,0,0,0,0
13,4,4640,0,0,4640,5936,4640,5936,0,0,291024,0,0,292344,291024,0,0,0,0
13,5,4640,0,0,4640,4640,4640,4640,0,0,292320,0,0,292320,292320,0,0,0,0
13,15,4206,0,0,4206,4206,4206,4206,0,0,264978,0,0,264978,264978,0,0,0,0
13,16,4206,0,0,4206,4206,4206,4206,0,0,264978,0,0,264978,264978,0,0,0,0
13,17,4621,0,0,4621,4621,4621,4621,0,0,291123,0,0,291123,291123,0,0,0,0
13,18,4621,0,13,4621,4893,4621,4906,0,0,290862,0,0,291355,290862,0,0,0,0
13,19,4621,104,738,4621,5921,4725,6659,0,0,290551,0,0,301402,290551,0,0,0,0
13,20,4206,0,0,4206,4206,4206,4206,0,0,264978,0,0,264978,264978,0,0,0,0
13,21,4206,0,0,4206,4206,4206,4206,0,0,29442,0,0,29442,29442,0,0,0,0
13,26,1317,0,0,1317,1489,1317,1489,0,0,9047,0,0,9269,9047,0,0,0,0
13,37,4114,0,0,4114,4121,4114,4121,0,0,28791,0,0,28798,28791,0,0,0,0
14,2,4640,0,0,4640,4640,4640,4640,0,0,292320,0,0,292320,292320,0,0,0,0
14,3,4640,0,0,4640,4640,4640,4640,0,0,292320,0,0,292320,292320,0,0,0,0
14,4,4640,0,0,4640,4679,4640,4679,0,0,292281,0,0,292348,292281,0,0,0,0
14,5,4640,0,802,4640,6836,4640,7638,0,0,290600,0,0,302305,290600,0,0,0,0
14,16,4206,0,0,4206,4206,4206,4206,0,0,264978,0,0,264978,264978,0,0,0,0
14,17,4621,0,0,4621,4621,4621,4621,0,0,291123,0,0,291123,291123,0,0,0,0
14,18,4621,0,0,4621,5482,4621,5482,0,0,290262,0,0,295260,290262,0,0,0,0
14,19,4621,0,0,4621,4635,4621,4635,0,0,291109,0,0,291167,291109,0,0,0,0
14,20,4206,0,0,4206,4206,4206,4206,0,0,264978,0,0,264978,264978,0,0,0,0
14,21,4206,0,0,4206,4206,4206,4206,0,0,29442,0,0,29442,29442,0,0,0,0
14,26,1317,0,0,1317,1317,1317,1317,0,0,9219,0,0,9219,9219,0,0,0,0
14,37,4114,0,0,4114,4114,4114,4114,0,0,28798,0,0,28798,28798,0,0,0,0
15,2,4640,0,0,4640,4640,4640,4640,0,0,292320,0,0,292320,292320,0,0,0,0
15,3,4640,0,0,4640,4660,4640,4660,0,0,292300,0,0,292343,292300,0,0,0,0
15,4,4640,0,0,4640,4640,4640,4640,0,0,292320,0,0,292320,292320,0,0,0,0
15,5,4640,0,18872,4640,17450,4640,36322,0,1781,258704,0,0,381026,258704,0,0,495,0
15,17,4621,0,0,4621,4621,4621,4621,0,0,291123,0,0,291123,291123,0,0,0,0
15,18,4621,0,0,4621,4622,4621,4622,0,0,291122,0,0,291123,291122,0,0,0,0
15,19,4621,0,0,4621,4629,4621,4629,0,0,291115,0,0,291123,291115,0,0,0,0
15,21,4206,0,0,4206,4206,4206,4206,0,0,29442,0,0,29442,29442,0,0,0,0
15,26,1317,0,0,1317,1317,1317,1317,0,0,9219,0,0,9219,9219,0,0,0,0
15,37,4114,0,0,4114,4114,4114,4114,0,0,28798,0,0,28798,28798,0,0,0,0
16,2,4640,0,0,4640,4640,4640,4640,0,0,292320,0,0,292320,292320,0,0,0,0
16,4,4640,0,0,4640,4640,4640,4640,0,0,292320,0,0,292320,292320,0,0,0,0
16,5,4640,11144,118762,4640,19217,15784,137979,0,17604,122023,0,0,599939,122023,0,0,3034,0
16,17,4621,0,0,4621,4621,4621,4621,0,0,291123,0,0,291123,291123,0,0,0,0
16,18,4621,0,0,4621,4621,4621,4621,0,0,291123,0,0,291123,291123,0,0,0,0
16,19,4621,0,0,4621,4621,4621,4621,0,0,291123,0,0,291123,291123,0,0,0,0
16,26,1317,0,0,1317,1317,1317,1317,0,0,9219,0,0,9219,9219,0,0,0,0
16,37,4114,0,0,4114,4114,4114,4114,0,0,28798,0,0,28798,28798,0,0,0,0
18,2,4206,0,0,4206,4206,4206,4206,0,0,264978,0,0,264978,264978,0,0,0,0
18,3,4206,0,0,4206,4206,4206,4206,0,0,264978,0,0,264978,264978,0,0,0,0
18,4,4206,0,0,4206,4206,4206,4206,0,0,264978,0,0,264978,264978,0,0,0,0
18,5,4206,0,0,4206,4206,4206,4206,0,0,264978,0,0,264978,264978,0,0,0,0
18,21,4206,62438,0,4206,4206,66644,4206,0,0,29442,0,0,29442,29442,0,0,0,0
19,2,4206,0,0,4206,11110,4206,11110,0,0,258074,0,0,272173,258074,0,0,0,0
19,3,4206,0,0,4206,4206,4206,4206,0,0,264978,0,0,264978,264978,0,0,0,0
19,4,4206,0,0,4206,4206,4206,4206,0,0,264978,0,0,264978,264978,0,0,0,0
19,5,4206,0,0,4206,4206,4206,4206,0,0,264978,0,0,264978,264978,0,0,0,0
19,17,4206,8412,0,4206,9900,12618,9900,0,0,259284,0,0,276423,259284,0,0,0,0
19,21,4206,0,0,4206,4206,4206,4206,0,0,29442,0,0,29442,29442,0,0,0,0
20,17,4621,0,0,4621,4621,4621,4621,0,0,291123,0,0,291123,291123,0,0,0,0
20,18,4621,0,0,4621,4621,4621,4621,0,0,291123,0,0,291123,291123,0,0,0,0
20,19,4621,0,0,4621,4621,4621,4621,0,0,291123,0,0,291123,291123,0,0,0,0
20,26,1317,0,0,1317,1317,1317,1317,0,0,9219,0,0,9219,9219,0,0,0,0
20,37,2889,0,0,2889,2889,2889,2889,0,0,20223,0,0,20223,20223,0,0,0,0
26,2,1317,0,0,1317,1317,1317,1317,0,0,9219,0,0,9219,9219,0,0,0,0
26,3,1317,0,0,1317,1317,1317,1317,0,0,9219,0,0,9219,9219,0,0,0,0
26,4,1317,0,0,1317,1317,1317,1317,0,0,9219,0,0,9219,9219,0,0,0,0
26,5,1317,0,0,1317,1317,1317,1317,0,0,9219,0,0,9219,9219,0,0,0,0
26,17,1317,2634,0,1317,1317,3951,1317,0,0,9219,0,0,9219,9219,0,0,0,0
26,18,1317,13170,34242,1317,1317,14487,35559,0,1317,0,0,0,63216,0,0,0,1317,0
30,4,353,0,0,353,353,353,353,0,0,2471,0,0,2471,2471,0,0,0,0
34,4,48,0,0,48,59,48,59,0,0,325,0,0,336,325,0,0,0,0
36,4,542,10,0,542,689,552,689,0,0,3647,0,0,3795,3647,0,0,0,0
37,2,2889,0,0,2889,2889,2889,2889,0,0,20223,0,0,20223,20223,0,0,0,0
37,3,2889,0,0,2889,2889,2889,2889,0,0,20223,0,0,20223,20223,0,0,0,0
37,4,2889,0,0,2889,2889,2889,2889,0,0,20223,0,0,20223,20223,0,0,0,0
37,5,2889,0,0,2889,2889,2889,2889,0,0,20223,0,0,20223,20223,0,0,0,0
37,17,2889,5778,0,2889,2889,8667,2889,0,0,20223,0,0,20223,20223,0,0,0,0
37,18,2889,28890,75114,2889,2889,31779,78003,0,2889,0,0,0,138672,0,0,0,2889,0
