model_id_1,model_id_2,queries,original_bv_tests,proxy_bv_tests,original_tri_tests,proxy_tri_tests,original_positives,proxy_positives,tp,tn,fp,fn
1,2,4640,0,0,0,0,0,0,0,4640,0,0
1,3,4640,0,0,0,0,0,0,0,4640,0,0
1,4,4640,0,0,0,0,0,0,0,4640,0,0
1,5,4640,0,0,0,0,0,0,0,4640,0,0
1,14,4206,0,0,0,0,0,0,0,4206,0,0
1,15,4206,0,0,0,0,0,0,0,4206,0,0
1,16,4206,0,0,0,0,0,0,0,4206,0,0
1,17,4640,0,0,0,0,0,0,0,4640,0,0
1,18,4640,0,0,0,0,0,0,0,4640,0,0
1,19,28517,109572,102752,6123,3496,1843,1889,1843,26628,46,0
1,20,4206,0,0,0,0,0,0,0,4206,0,0
3,17,4206,0,0,0,0,0,0,0,4206,0,0
4,17,4206,0,0,0,0,0,0,0,4206,0,0
5,17,4206,0,0,0,0,0,0,0,4206,0,0
6,2,4640,0,0,0,0,0,0,0,4640,0,0
6,3,4640,0,0,0,0,0,0,0,4640,0,0
6,4,4640,0,0,0,0,0,0,0,4640,0,0
6,5,4640,0,0,0,0,0,0,0,4640,0,0
6,13,4206,11170,18108,0,0,0,0,0,4206,0,0
6,14,4206,0,0,0,0,0,0,0,4206,0,0
6,15,4206,0,0,0,0,0,0,0,4206,0,0
6,16,4206,0,0,0,0,0,0,0,4206,0,0
6,17,4633,0,0,0,0,0,0,0,4633,0,0
6,18,4633,602,624,0,0,0,0,0,4633,0,0
6,19,13038,1274,1138,78,46,21,21,21,13017,0,0
6,20,4206,0,0,0,0,0,0,0,4206,0,0
7,2,4169,0,0,0,0,0,0,0,4169,0,0
7,3,4169,0,0,0,0,0,0,0,4169,0,0
7,4,4169,0,0,0,0,0,0,0,4169,0,0
7,5,4169,0,0,0,0,0,0,0,4169,0,0
7,13,3759,0,0,0,0,0,0,0,3759,0,0
7,14,3759,0,0,0,0,0,0,0,3759,0,0
7,15,3759,0,0,0,0,0,0,0,3759,0,0
7,16,3759,0,0,0,0,0,0,0,3759,0,0
7,17,4159,0,0,0,0,0,0,0,4159,0,0
7,18,4159,10,8,0,0,0,0,0,4159,0,0
7,19,4760,0,0,0,0,0,0,0,4760,0,0
7,20,3759,0,0,0,0,0,0,0,3759,0,0
8,2,4640,0,0,0,0,0,0,0,4640,0,0
8,3,4640,0,0,0,0,0,0,0,4640,0,0
8,4,4640,0,0,0,0,0,0,0,4640,0,0
8,5,4640,0,0,0,0,0,0,0,4640,0,0
8,13,4206,0,0,0,0,0,0,0,4206,0,0
8,14,4206,0,0,0,0,0,0,0,4206,0,0
8,15,4206,0,0,0,0,0,0,0,4206,0,0
8,16,4206,0,0,0,0,0,0,0,4206,0,0
8,17,4630,0,0,0,0,0,0,0,4630,0,0
8,18,4630,14,8,0,0,0,0,0,4630,0,0
8,19,12516,1114,932,13,15,13,15,13,12501,2,0
8,20,4206,0,0,0,0,0,0,0,4206,0,0
9,2,4640,0,0,0,0,0,0,0,4640,0,0
9,3,4640,0,0,0,0,0,0,0,4640,0,0
9,4,4640,0,0,0,0,0,0,0,4640,0,0
9,5,4640,0,0,0,0,0,0,0,4640,0,0
9,13,4206,0,0,0,0,0,0,0,4206,0,0
9,14,4206,0,0,0,0,0,0,0,4206,0,0
9,15,4206,0,0,0,0,0,0,0,4206,0,0
9,16,4206,0,0,0,0,0,0,0,4206,0,0
9,17,4625,0,0,0,0,0,0,0,4625,0,0
9,18,4625,0,0,0,0,0,0,0,4625,0,0
9,19,12497,0,0,0,0,0,0,0,12497,0,0
9,20,4206,0,0,0,0,0,0,0,4206,0,0
10,2,4640,0,0,0,0,0,0,0,4640,0,0
10,3,4640,0,0,0,0,0,0,0,4640,0,0
10,4,4640,0,0,0,0,0,0,0,4640,0,0
10,5,4640,0,0,0,0,0,0,0,4640,0,0
10,13,4206,0,0,0,0,0,0,0,4206,0,0
10,14,4206,0,0,0,0,0,0,0,4206,0,0
10,15,4206,0,0,0,0,0,0,0,4206,0,0
10,16,4206,0,0,0,0,0,0,0,4206,0,0
10,17,4625,0,0,0,0,0,0,0,4625,0,0
10,18,4625,0,0,0,0,0,0,0,4625,0,0
10,19,12497,24,24,0,0,0,0,0,12497,0,0
10,20,4206,0,0,0,0,0,0,0,4206,0,0
11,2,4640,0,0,0,0,0,0,0,4640,0,0
11,3,4640,0,0,0,0,0,0,0,4640,0,0
11,4,4640,0,0,0,0,0,0,0,4640,0,0
11,5,4640,0,0,0,0,0,0,0,4640,0,0
11,17,4625,0,0,0,0,0,0,0,4625,0,0
11,18,4625,0,0,0,0,0,0,0,4625,0,0
11,19,4625,212,252,0,14,0,0,0,4625,0,0
12,2,4640,0,0,0,0,0,0,0,4640,0,0
12,3,4640,0,0,0,0,0,0,0,4640,0,0
12,4,4640,0,0,0,0,0,0,0,4640,0,0
12,5,4640,0,0,0,0,0,0,0,4640,0,0
12,14,4206,0,0,0,0,0,0,0,4206,0,0
12,15,4206,0,0,0,0,0,0,0,4206,0,0
12,16,4206,0,0,0,0,0,0,0,4206,0,0
12,17,4625,0,0,0,0,0,0,0,4625,0,0
12,18,4625,0,0,0,0,0,0,0,4625,0,0
12,19,4625,4564,392,1666,4,4,4,4,4621,0,0
12,20,4206,0,0,0,0,0,0,0,4206,0,0
12,21,4206,0,0,0,0,0,0,0,4206,0,0
12,26,1317,0,0,0,0,0,0,0,1317,0,0
12,37,2889,0,0,0,0,0,0,0,2889,0,0
13,2,4640,0,0,0,0,0,0,0,4640,0,0
13,3,4640,0,0,0,0,0,0,0,4640,0,0
13,4,4640,0,0,0,0,0,0,0,4640,0,0
13,5,4640,0,0,0,0,0,0,0,4640,0,0
13,15,4206,0,0,0,0,0,0,0,4206,0,0
13,16,4206,0,0,0,0,0,0,0,4206,0,0
13,17,4621,0,0,0,0,0,0,0,4621,0,0
13,18,4621,0,0,0,0,0,0,0,4621,0,0
13,19,4621,148,104,0,0,0,0,0,4621,0,0
13,20,4206,0,0,0,0,0,0,0,4206,0,0
13,21,4206,0,0,0,0,0,0,0,4206,0,0
13,26,1317,0,0,0,0,0,0,0,1317,0,0
13,37,4114,0,0,0,0,0,0,0,4114,0,0
14,2,4640,0,0,0,0,0,0,0,4640,0,0
14,3,4640,0,0,0,0,0,0,0,4640,0,0
14,4,4640,0,0,0,0,0,0,0,4640,0,0
14,5,4640,0,0,0,0,0,0,0,4640,0,0
14,16,4206,0,0,0,0,0,0,0,4206,0,0
14,17,4621,0,0,0,0,0,0,0,4621,0,0
14,18,4621,0,0,0,0,0,0,0,4621,0,0
14,19,4621,0,0,0,0,0,0,0,4621,0,0
14,20,4206,0,0,0,0,0,0,0,4206,0,0
14,21,4206,0,0,0,0,0,0,0,4206,0,0
14,26,1317,0,0,0,0,0,0,0,1317,0,0
14,37,4114,0,0,0,0,0,0,0,4114,0,0
15,2,4640,0,0,0,0,0,0,0,4640,0,0
15,3,4640,0,0,0,0,0,0,0,4640,0,0
15,4,4640,0,0,0,0,0,0,0,4640,0,0
15,5,4640,0,0,0,0,0,0,0,4640,0,0
15,17,4621,0,0,0,0,0,0,0,4621,0,0
15,18,4621,0,0,0,0,0,0,0,4621,0,0
15,19,4621,0,0,0,0,0,0,0,4621,0,0
15,21,4206,0,0,0,0,0,0,0,4206,0,0
15,26,1317,0,0,0,0,0,0,0,1317,0,0
15,37,4114,0,0,0,0,0,0,0,4114,0,0
16,2,4640,0,0,0,0,0,0,0,4640,0,0
16,4,4640,0,0,0,0,0,0,0,4640,0,0
16,5,4640,46400,17116,0,0,0,0,0,4640,0,0
16,17,4621,0,0,0,0,0,0,0,4621,0,0
16,18,4621,0,0,0,0,0,0,0,4621,0,0
16,19,4621,0,0,0,0,0,0,0,4621,0,0
16,26,1317,0,0,0,0,0,0,0,1317,0,0
16,37,4114,0,0,0,0,0,0,0,4114,0,0
18,2,4206,0,0,0,0,0,0,0,4206,0,0
18,3,4206,0,0,0,0,0,0,0,4206,0,0
18,4,4206,0,0,0,0,0,0,0,4206,0,0
18,5,4206,0,0,0,0,0,0,0,4206,0,0
18,21,4206,56492,62438,0,0,0,0,0,4206,0,0
19,2,4206,0,0,0,0,0,0,0,4206,0,0
19,3,4206,0,0,0,0,0,0,0,4206,0,0
19,4,4206,0,0,0,0,0,0,0,4206,0,0
19,5,4206,0,0,0,0,0,0,0,4206,0,0
19,17,4206,8412,8412,0,0,0,0,0,4206,0,0
19,21,4206,0,0,0,0,0,0,0,4206,0,0
20,17,4621,0,0,0,0,0,0,0,4621,0,0
20,18,4621,0,0,0,0,0,0,0,4621,0,0
20,19,4621,0,0,0,0,0,0,0,4621,0,0
20,26,1317,0,0,0,0,0,0,0,1317,0,0
20,37,2889,0,0,0,0,0,0,0,2889,0,0
26,2,1317,0,0,0,0,0,0,0,1317,0,0
26,3,1317,0,0,0,0,0,0,0,1317,0,0
26,4,1317,0,0,0,0,0,0,0,1317,0,0
26,5,1317,0,0,0,0,0,0,0,1317,0,0
26,17,1317,0,2634,0,0,0,0,0,1317,0,0
26,18,1317,31608,13170,0,0,0,0,0,1317,0,0
30,4,353,0,0,0,0,0,0,0,353,0,0
34,4,48,0,0,0,0,0,0,0,48,0,0
36,4,542,0,10,0,0,0,0,0,542,0,0
37,2,2889,0,0,0,0,0,0,0,2889,0,0
37,3,2889,0,0,0,0,0,0,0,2889,0,0
37,4,2889,0,0,0,0,0,0,0,2889,0,0
37,5,2889,0,0,0,0,0,0,0,2889,0,0
37,17,2889,0,5778,0,0,0,0,0,2889,0,0
37,18,2889,69336,28890,0,0,0,0,0,2889,0,0
